Date,VH,Team,Spread
10/16,V,Philadelphia,211.5
10/16,H,Boston,4.5
10/16,V,OklahomaCity,220.5
10/16,H,GoldenState,12
10/17,V,Memphis,204.5
10/17,H,Indiana,7.5
10/17,V,Milwaukee,3
10/17,H,Charlotte,222
10/17,V,Miami,2.5
10/17,H,Orlando,208
10/17,V,Brooklyn,213
10/17,H,Detroit,6
10/17,V,Atlanta,216.5
10/17,H,NewYork,4
10/17,V,Cleveland,215.5
10/17,H,Toronto,12.5
10/17,V,NewOrleans,233
10/17,H,Houston,8
10/17,V,Minnesota,212
10/17,H,SanAntonio,2.5
10/17,V,Utah,8.5
10/17,H,Sacramento,205.5
10/17,V,Dallas,2.5
10/17,H,Phoenix,212.5
10/17,V,Denver,2
10/17,H,LAClippers,222.5
10/18,V,Chicago,221
10/18,H,Philadelphia,12.5
10/18,V,Miami,215
10/18,H,Washington,6
10/18,V,LALakers,224
10/18,H,Portland,3
10/19,V,Charlotte,1.5
10/19,H,Orlando,215.5
10/19,V,NewYork,222
10/19,H,Brooklyn,4
10/19,V,Sacramento,232.5
10/19,H,NewOrleans,11.5
10/19,V,Boston,209.5
10/19,H,Toronto,3
10/19,V,Cleveland,223
10/19,H,Minnesota,8.5
10/19,V,Atlanta,217
10/19,H,Memphis,7
10/19,V,Indiana,217
10/19,H,Milwaukee,3.5
10/19,V,GoldenState,2.5
10/19,H,Utah,217.5
10/19,V,OklahomaCity,214
10/19,H,LAClippers,3
10/20,V,Toronto,219.5
10/20,H,Washington,2
10/20,V,Brooklyn,214.5
10/20,H,Indiana,8
10/20,V,Orlando,217.5
10/20,H,Philadelphia,12.5
10/20,V,Boston,9.5
10/20,H,NewYork,210.5
10/20,V,Charlotte,220.5
10/20,H,Miami,3.5
10/20,V,Detroit,5
10/20,H,Chicago,217
10/20,V,Minnesota,220.5
10/20,H,Dallas,2
10/20,V,Phoenix,224.5
10/20,H,Denver,10.5
10/20,V,SanAntonio,214
10/20,H,Portland,5
10/20,V,Houston,3.5
10/20,H,LALakers,237.5
10/21,V,Atlanta,232.5
10/21,H,Cleveland,8
10/21,V,Sacramento,222.5
10/21,H,OklahomaCity,10.5
10/21,V,GoldenState,4.5
10/21,H,Denver,230.5
10/21,V,Houston,220.5
10/21,H,LAClippers,2.5
10/22,V,Charlotte,225
10/22,H,Toronto,8.5
10/22,V,Orlando,211.5
10/22,H,Boston,11
10/22,V,Indiana,229.5
10/22,H,Minnesota,2
10/22,V,NewYork,227
10/22,H,Milwaukee,11.5
10/22,V,Chicago,229
10/22,H,Dallas,5
10/22,V,Memphis,213.5
10/22,H,Utah,11
10/22,V,Washington,228
10/22,H,Portland,4.5
10/22,V,SanAntonio,226.5
10/22,H,LALakers,2
10/22,V,Phoenix,227.5
10/22,H,GoldenState,12.5
10/23,V,Philadelphia,1
10/23,H,Detroit,214.5
10/23,V,LAClippers,237.5
10/23,H,NewOrleans,5.5
10/23,V,Sacramento,229.5
10/23,H,Denver,12
10/24,V,Brooklyn,226
10/24,H,Cleveland,2.5
10/24,V,Dallas,2
10/24,H,Atlanta,235.5
10/24,V,NewYork,218
10/24,H,Miami,8
10/24,V,Minnesota,226.5
10/24,H,Toronto,8.5
10/24,V,Charlotte,4.5
10/24,H,Chicago,229.5
10/24,V,Utah,217.5
10/24,H,Houston,1
10/24,V,Indiana,210.5
10/24,H,SanAntonio,1.5
10/24,V,Philadelphia,228.5
10/24,H,Milwaukee,5
10/24,V,LALakers,5.5
10/24,H,Phoenix,238
10/24,V,Memphis,2.5
10/24,H,Sacramento,220.5
10/24,V,Washington,235.5
10/24,H,GoldenState,10
10/25,V,Cleveland,216.5
10/25,H,Detroit,9.5
10/25,V,Portland,3.5
10/25,H,Orlando,213.5
10/25,V,Boston,219
10/25,H,OklahomaCity,pk
10/25,V,Denver,1.5
10/25,H,LALakers,235
10/26,V,Chicago,223
10/26,H,Charlotte,10.5
10/26,V,Dallas,221.5
10/26,H,Toronto,11.5
10/26,V,GoldenState,11.5
10/26,H,NewYork,225
10/26,V,Brooklyn,231.5
10/26,H,NewOrleans,9
10/26,V,LAClippers,217.5
10/26,H,Houston,4
10/26,V,Milwaukee,2
10/26,H,Minnesota,233
10/26,V,Washington,5.5
10/26,H,Sacramento,236
10/27,V,Boston,3.5
10/27,H,Detroit,212
10/27,V,Utah,6
10/27,H,NewOrleans,220.5
10/27,V,Charlotte,232.5
10/27,H,Philadelphia,7
10/27,V,Chicago,232.5
10/27,H,Atlanta,5.5
10/27,V,Indiana,7.5
10/27,H,Cleveland,213.5
10/27,V,Portland,220.5
10/27,H,Miami,1.5
10/27,V,Phoenix,207
10/27,H,Memphis,7.5
10/27,V,LALakers,1
10/27,H,SanAntonio,232.5
10/27,V,Orlando,220
10/27,H,Milwaukee,9
10/28,V,GoldenState,9.5
10/28,H,Brooklyn,227
10/28,V,Phoenix,220.5
10/28,H,OklahomaCity,13
10/28,V,Utah,4.5
10/28,H,Dallas,214
10/28,V,Washington,229
10/28,H,LAClippers,3.5
10/29,V,Atlanta,231
10/29,H,Philadelphia,11
10/29,V,Portland,215.5
10/29,H,Indiana,4
10/29,V,Sacramento,227
10/29,H,Miami,9.5
10/29,V,Brooklyn,215
10/29,H,NewYork,1
10/29,V,Toronto,2
10/29,H,Milwaukee,222.5
10/29,V,GoldenState,11
10/29,H,Chicago,227
10/29,V,LALakers,1.5
10/29,H,Minnesota,240
10/29,V,Dallas,214.5
10/29,H,SanAntonio,7
10/29,V,NewOrleans,229.5
10/29,H,Denver,9.5
10/30,V,Atlanta,226.5
10/30,H,Cleveland,4.5
10/30,V,Miami,221
10/30,H,Charlotte,3.5
10/30,V,Sacramento,220.5
10/30,H,Orlando,4.5
10/30,V,Detroit,212
10/30,H,Boston,8.5
10/30,V,Philadelphia,228
10/30,H,Toronto,6
10/30,V,Portland,223.5
10/30,H,Houston,4.5
10/30,V,LAClippers,228.5
10/30,H,OklahomaCity,4
10/30,V,Washington,220.5
10/30,H,Memphis,1
10/31,V,Detroit,217
10/31,H,Brooklyn,2
10/31,V,Denver,8
10/31,H,Chicago,221
10/31,V,Indiana,6
10/31,H,NewYork,208.5
10/31,V,Utah,7
10/31,H,Minnesota,222
10/31,V,NewOrleans,241
10/31,H,GoldenState,8.5
10/31,V,SanAntonio,6.5
10/31,H,Phoenix,215
10/31,V,Dallas,234
10/31,H,LALakers,7.5
11/1,V,OklahomaCity,231
11/1,H,Charlotte,1
11/1,V,LAClippers,229
11/1,H,Philadelphia,5.5
11/1,V,Denver,5
11/1,H,Cleveland,218.5
11/1,V,Sacramento,2
11/1,H,Atlanta,234
11/1,V,Milwaukee,220.5
11/1,H,Boston,2.5
11/1,V,NewOrleans,229.5
11/1,H,Portland,8
11/2,V,LAClippers,3.5
11/2,H,Orlando,219.5
11/2,V,Houston,4
11/2,H,Brooklyn,220.5
11/2,V,OklahomaCity,233
11/2,H,Washington,3.5
11/2,V,Indiana,7
11/2,H,Chicago,213.5
11/2,V,NewYork,216
11/2,H,Dallas,5.5
11/2,V,Memphis,201.5
11/2,H,Utah,8
11/2,V,Toronto,10
11/2,H,Phoenix,226.5
11/2,V,Minnesota,243.5
11/2,H,GoldenState,10.5
11/3,V,Detroit,221
11/3,H,Philadelphia,7.5
11/3,V,Boston,3.5
11/3,H,Indiana,205.5
11/3,V,Cleveland,222
11/3,H,Charlotte,10
11/3,V,Miami,5.5
11/3,H,Atlanta,225.5
11/3,V,Houston,8.5
11/3,H,Chicago,223.5
11/3,V,NewOrleans,227
11/3,H,SanAntonio,2
11/3,V,Utah,209.5
11/3,H,Denver,4.5
11/3,V,LALakers,236
11/3,H,Portland,3.5
11/4,V,Sacramento,235
11/4,H,Milwaukee,10
11/4,V,Philadelphia,4
11/4,H,Brooklyn,224
11/4,V,NewYork,223.5
11/4,H,Washington,6.5
11/4,V,Orlando,207
11/4,H,SanAntonio,7.5
11/4,V,Memphis,4
11/4,H,Phoenix,211
11/4,V,Minnesota,228
11/4,H,Portland,6
11/4,V,Toronto,235
11/4,H,LALakers,1.5
11/5,V,Houston,216
11/5,H,Indiana,pk
11/5,V,Miami,219.5
11/5,H,Detroit,3
11/5,V,Cleveland,214
11/5,H,Orlando,4
11/5,V,Chicago,213
11/5,H,NewYork,3
11/5,V,NewOrleans,235.5
11/5,H,OklahomaCity,3.5
11/5,V,Boston,209.5
11/5,H,Denver,1
11/5,V,Toronto,214.5
11/5,H,Utah,3
11/5,V,Memphis,221
11/5,H,GoldenState,14
11/5,V,Minnesota,233
11/5,H,LAClippers,5.5
11/6,V,Atlanta,232
11/6,H,Charlotte,11.5
11/6,V,Washington,1.5
11/6,H,Dallas,228
11/6,V,Brooklyn,2.5
11/6,H,Phoenix,221
11/6,V,Milwaukee,2
11/6,H,Portland,230
11/7,V,Detroit,3
11/7,H,Orlando,213
11/7,V,OklahomaCity,6.5
11/7,H,Cleveland,217
11/7,V,NewYork,1.5
11/7,H,Atlanta,225
11/7,V,SanAntonio,215.5
11/7,H,Miami,1
11/7,V,Denver,3.5
11/7,H,Memphis,203.5
11/7,V,Chicago,228
11/7,H,NewOrleans,11
11/7,V,Philadelphia,215.5
11/7,H,Indiana,2.5
11/7,V,Dallas,213.5
11/7,H,Utah,9.5
11/7,V,Toronto,9
11/7,H,Sacramento,233.5
11/7,V,Minnesota,238.5
11/7,H,LALakers,6
11/8,V,Houston,5
11/8,H,OklahomaCity,214
11/8,V,Boston,9.5
11/8,H,Phoenix,214.5
11/8,V,LAClippers,225.5
11/8,H,Portland,5
11/8,V,Milwaukee,242
11/8,H,GoldenState,5.5
11/9,V,Washington,4
11/9,H,Orlando,221.5
11/9,V,Charlotte,227
11/9,H,Philadelphia,5.5
11/9,V,Detroit,5.5
11/9,H,Atlanta,228
11/9,V,Indiana,2.5
11/9,H,Miami,207
11/9,V,Brooklyn,215
11/9,H,Denver,8.5
11/9,V,Boston,205
11/9,H,Utah,6
11/9,V,Minnesota,2
11/9,H,Sacramento,234
11/10,V,NewYork,217.5
11/10,H,Toronto,14.5
11/10,V,Milwaukee,4
11/10,H,LAClippers,233.5
11/10,V,Phoenix,228.5
11/10,H,NewOrleans,9
11/10,V,Cleveland,212
11/10,H,Chicago,4.5
11/10,V,Washington,224
11/10,H,Miami,3.5
11/10,V,Philadelphia,211
11/10,H,Memphis,4.5
11/10,V,Brooklyn,223.5
11/10,H,GoldenState,8
11/10,V,Houston,3.5
11/10,H,SanAntonio,212
11/10,V,OklahomaCity,214.5
11/10,H,Dallas,1.5
11/10,V,LALakers,5.5
11/10,H,Sacramento,237.5
11/11,V,Charlotte,221.5
11/11,H,Detroit,2.5
11/11,V,Indiana,209.5
11/11,H,Houston,2.5
11/11,V,Orlando,210.5
11/11,H,NewYork,3.5
11/11,V,Milwaukee,224.5
11/11,H,Denver,3.5
11/11,V,Boston,214.5
11/11,H,Portland,2
11/11,V,Atlanta,237
11/11,H,LALakers,11
11/12,V,Orlando,222
11/12,H,Washington,7.5
11/12,V,Philadelphia,225
11/12,H,Miami,2.5
11/12,V,NewOrleans,228.5
11/12,H,Toronto,10
11/12,V,Dallas,2.5
11/12,H,Chicago,215.5
11/12,V,Utah,3.5
11/12,H,Memphis,203
11/12,V,Phoenix,215
11/12,H,OklahomaCity,8
11/12,V,Brooklyn,226.5
11/12,H,Minnesota,4
11/12,V,SanAntonio,2.5
11/12,H,Sacramento,220.5
11/12,V,GoldenState,3.5
11/12,H,LAClippers,226.5
11/13,V,Charlotte,9
11/13,H,Cleveland,215
11/13,V,Houston,217
11/13,H,Denver,4.5
11/13,V,Atlanta,229.5
11/13,H,GoldenState,11.5
11/14,V,Philadelphia,5.5
11/14,H,Orlando,218
11/14,V,Cleveland,215
11/14,H,Washington,12.5
11/14,V,Chicago,213
11/14,H,Boston,13
11/14,V,Detroit,222
11/14,H,Toronto,9.5
11/14,V,Miami,2
11/14,H,Brooklyn,214
11/14,V,NewYork,213.5
11/14,H,OklahomaCity,8
11/14,V,NewOrleans,1.5
11/14,H,Minnesota,234.5
11/14,V,Memphis,212.5
11/14,H,Milwaukee,9.5
11/14,V,Utah,5
11/14,H,Dallas,212
11/14,V,SanAntonio,6
11/14,H,Phoenix,213
11/14,V,Portland,223
11/14,H,LALakers,2
11/15,V,GoldenState,217.5
11/15,H,Houston,4.5
11/15,V,Atlanta,222.5
11/15,H,Denver,14
11/15,V,SanAntonio,217
11/15,H,LAClippers,6.5
11/16,V,Brooklyn,224
11/16,H,Washington,6
11/16,V,Miami,214
11/16,H,Indiana,5.5
11/16,V,Utah,216.5
11/16,H,Philadelphia,2.5
11/16,V,Toronto,218
11/16,H,Boston,2
11/16,V,Portland,225
11/16,H,Minnesota,1
11/16,V,Sacramento,212
11/16,H,Memphis,6.5
11/16,V,NewYork,227
11/16,H,NewOrleans,11
11/16,V,Chicago,225.5
11/16,H,Milwaukee,14.5
11/17,V,LAClippers,4
11/17,H,Brooklyn,221.5
11/17,V,LALakers,4
11/17,H,Orlando,222.5
11/17,V,Atlanta,219
11/17,H,Indiana,11
11/17,V,Denver,227.5
11/17,H,NewOrleans,pk
11/17,V,Philadelphia,225.5
11/17,H,Charlotte,2.5
11/17,V,Utah,206.5
11/17,H,Boston,4
11/17,V,Sacramento,220
11/17,H,Houston,12.5
11/17,V,Toronto,10
11/17,H,Chicago,215.5
11/17,V,GoldenState,2.5
11/17,H,Dallas,215.5
11/17,V,OklahomaCity,4.5
11/17,H,Phoenix,217.5
11/18,V,Memphis,209
11/18,H,Minnesota,5
11/18,V,Portland,1.5
11/18,H,Washington,221
11/18,V,LALakers,1
11/18,H,Miami,225
11/18,V,NewYork,217
11/18,H,Orlando,4.5
11/18,V,GoldenState,212.5
11/18,H,SanAntonio,3
11/19,V,Boston,3.5
11/19,H,Charlotte,217.5
11/19,V,Utah,4
11/19,H,Indiana,205.5
11/19,V,Phoenix,219.5
11/19,H,Philadelphia,11
11/19,V,Cleveland,213.5
11/19,H,Detroit,9.5
11/19,V,LAClippers,6.5
11/19,H,Atlanta,232.5
11/19,V,Denver,224.5
11/19,H,Milwaukee,5.5
11/19,V,SanAntonio,222
11/19,H,NewOrleans,7.5
11/19,V,Dallas,200.5
11/19,H,Memphis,3
11/19,V,OklahomaCity,5
11/19,H,Sacramento,227
11/20,V,Toronto,7
11/20,H,Orlando,219
11/20,V,LAClippers,233.5
11/20,H,Washington,pk
11/20,V,Portland,7
11/20,H,NewYork,221
11/20,V,Brooklyn,215
11/20,H,Miami,2.5
11/21,V,NewOrleans,237.5
11/21,H,Philadelphia,3.5
11/21,V,Indiana,215.5
11/21,H,Charlotte,3.5
11/21,V,Toronto,8
11/21,H,Atlanta,225
11/21,V,NewYork,215.5
11/21,H,Boston,14.5
11/21,V,Detroit,214.5
11/21,H,Houston,9
11/21,V,Portland,226.5
11/21,H,Milwaukee,7.5
11/21,V,Denver,220.5
11/21,H,Minnesota,pk
11/21,V,Phoenix,1
11/21,H,Chicago,217.5
11/21,V,LALakers,9
11/21,H,Cleveland,221.5
11/21,V,Memphis,199.5
11/21,H,SanAntonio,3
11/21,V,Brooklyn,215
11/21,H,Dallas,5
11/21,V,Sacramento,222.5
11/21,H,Utah,9.5
11/21,V,OklahomaCity,223.5
11/21,H,GoldenState,pk
11/22,V,Minnesota,2
11/22,H,Brooklyn,221.5
11/22,V,Memphis,210
11/22,H,LAClippers,4.5
11/22,V,Houston,4.5
11/22,H,Detroit,216
11/22,V,NewOrleans,7.5
11/22,H,NewYork,235
11/22,V,Cleveland,217.5
11/22,H,Philadelphia,13
11/22,V,Washington,230.5
11/22,H,Toronto,10.5
11/22,V,Boston,8
11/22,H,Atlanta,223.5
11/22,V,Miami,4
11/22,H,Chicago,213
11/22,V,SanAntonio,208
11/22,H,Indiana,1.5
11/22,V,Charlotte,228.5
11/22,H,OklahomaCity,6.5
11/22,V,Phoenix,232.5
11/22,H,Milwaukee,13.5
11/22,V,Orlando,210.5
11/22,H,Denver,8.5
11/22,V,Utah,219.5
11/22,H,LALakers,2.5
11/22,V,Portland,218
11/22,H,GoldenState,1
11/23,V,Minnesota,2
11/23,H,Brooklyn,221.5
11/23,V,Memphis,209.5
11/23,H,LAClippers,4.5
11/23,V,Houston,3.5
11/23,H,Detroit,216
11/23,V,NewOrleans,7.5
11/23,H,NewYork,235
11/23,V,Cleveland,217.5
11/23,H,Philadelphia,13
11/23,V,Washington,230.5
11/23,H,Toronto,10.5
11/23,V,Boston,8
11/23,H,Atlanta,223.5
11/23,V,Miami,4
11/23,H,Chicago,213
11/23,V,SanAntonio,207.5
11/23,H,Indiana,1.5
11/23,V,Charlotte,230
11/23,H,OklahomaCity,7
11/23,V,Phoenix,232.5
11/23,H,Milwaukee,13.5
11/23,V,Orlando,210
11/23,H,Denver,8.5
11/23,V,Utah,219.5
11/23,H,LALakers,3
11/23,V,Portland,218.5
11/23,H,GoldenState,1
11/24,V,Houston,6.5
11/24,H,Cleveland,208.5
11/24,V,NewOrleans,238.5
11/24,H,Washington,3.5
11/24,V,Chicago,219
11/24,H,Minnesota,11.5
11/24,V,Denver,217
11/24,H,OklahomaCity,6
11/24,V,SanAntonio,227
11/24,H,Milwaukee,10
11/24,V,Sacramento,226
11/24,H,GoldenState,6.5
11/24,V,Boston,2.5
11/24,H,Dallas,213
11/25,V,Orlando,217
11/25,H,LALakers,7.5
11/25,V,Phoenix,221.5
11/25,H,Detroit,8.5
11/25,V,Miami,215
11/25,H,Toronto,12
11/25,V,Philadelphia,4.5
11/25,H,Brooklyn,225.5
11/25,V,NewYork,205.5
11/25,H,Memphis,8
11/25,V,Charlotte,6.5
11/25,H,Atlanta,228.5
11/25,V,Utah,4
11/25,H,Sacramento,218.5
11/25,V,LAClippers,227
11/25,H,Portland,4
11/26,V,Minnesota,6
11/26,H,Cleveland,214.5
11/26,V,Milwaukee,4.5
11/26,H,Charlotte,234
11/26,V,Houston,223
11/26,H,Washington,1.5
11/26,V,SanAntonio,6.5
11/26,H,Chicago,215
11/26,V,Boston,228
11/26,H,NewOrleans,2
11/26,V,Indiana,206.5
11/26,H,Utah,4.5
11/26,V,Orlando,215
11/26,H,GoldenState,7
11/27,V,NewYork,220
11/27,H,Detroit,7.5
11/27,V,Atlanta,224
11/27,H,Miami,7.5
11/27,V,Toronto,5.5
11/27,H,Memphis,208.5
11/27,V,Indiana,2.5
11/27,H,Phoenix,216.5
11/27,V,LALakers,219
11/27,H,Denver,3
11/28,V,NewYork,227
11/28,H,Philadelphia,12.5
11/28,V,Atlanta,231
11/28,H,Charlotte,12
11/28,V,Utah,3.5
11/28,H,Brooklyn,215
11/28,V,SanAntonio,215.5
11/28,H,Minnesota,4.5
11/28,V,Dallas,217
11/28,H,Houston,5.5
11/28,V,Chicago,230
11/28,H,Milwaukee,15
11/28,V,Cleveland,215.5
11/28,H,OklahomaCity,12.5
11/28,V,Washington,242
11/28,H,NewOrleans,6.5
11/28,V,Orlando,215
11/28,H,Portland,10
11/28,V,Phoenix,230
11/28,H,LAClippers,12
11/29,V,GoldenState,223
11/29,H,Toronto,9.5
11/29,V,LAClippers,2
11/29,H,Sacramento,236
11/29,V,Indiana,220
11/29,H,LALakers,5
11/30,V,Washington,233.5
11/30,H,Philadelphia,8.5
11/30,V,Chicago,217
11/30,H,Detroit,8.5
11/30,V,Cleveland,206.5
11/30,H,Boston,12.5
11/30,V,Utah,218
11/30,H,Charlotte,2
11/30,V,Memphis,2.5
11/30,H,Brooklyn,206.5
11/30,V,NewOrleans,3
11/30,H,Miami,228.5
11/30,V,Houston,3.5
11/30,H,SanAntonio,216
11/30,V,Atlanta,230
11/30,H,OklahomaCity,13
11/30,V,Orlando,4.5
11/30,H,Phoenix,215.5
11/30,V,Dallas,223
11/30,H,LALakers,4
11/30,V,Denver,214.5
11/30,H,Portland,1.5
12/1,V,Milwaukee,8.5
12/1,H,NewYork,230
12/1,V,GoldenState,4.5
12/1,H,Detroit,229.5
12/1,V,Brooklyn,227.5
12/1,H,Washington,6.5
12/1,V,Boston,216.5
12/1,H,Minnesota,1.5
12/1,V,Chicago,219
12/1,H,Houston,13.5
12/1,V,Toronto,12.5
12/1,H,Cleveland,213
12/1,V,Indiana,1.5
12/1,H,Sacramento,225
12/2,V,Phoenix,221
12/2,H,LALakers,12
12/2,V,NewOrleans,232.5
12/2,H,Charlotte,3
12/2,V,Memphis,212
12/2,H,Philadelphia,6.5
12/2,V,Utah,4
12/2,H,Miami,208.5
12/2,V,Portland,217.5
12/2,H,SanAntonio,pk
12/2,V,LAClippers,3
12/2,H,Dallas,224
12/3,V,OklahomaCity,2
12/3,H,Detroit,218
12/3,V,Washington,2
12/3,H,NewYork,229
12/3,V,GoldenState,11
12/3,H,Atlanta,236
12/3,V,Denver,219.5
12/3,H,Toronto,7
12/3,V,Cleveland,211
12/3,H,Brooklyn,6
12/3,V,Houston,2.5
12/3,H,Minnesota,222.5
12/3,V,LAClippers,235
12/3,H,NewOrleans,1.5
12/4,V,Chicago,210.5
12/4,H,Indiana,8.5
12/4,V,Orlando,208
12/4,H,Miami,2.5
12/4,V,Portland,217
12/4,H,Dallas,1.5
12/4,V,Sacramento,5.5
12/4,H,Phoenix,223
12/4,V,SanAntonio,215.5
12/4,H,Utah,8
12/5,V,GoldenState,11
12/5,H,Cleveland,219.5
12/5,V,Denver,4.5
12/5,H,Orlando,206.5
12/5,V,Washington,3.5
12/5,H,Atlanta,228.5
12/5,V,OklahomaCity,6
12/5,H,Brooklyn,221
12/5,V,Charlotte,222.5
12/5,H,Minnesota,4.5
12/5,V,Philadelphia,229
12/5,H,Toronto,6.5
12/5,V,Detroit,226
12/5,H,Milwaukee,7.5
12/5,V,Dallas,227
12/5,H,NewOrleans,5.5
12/5,V,LAClippers,209.5
12/5,H,Memphis,2
12/5,V,SanAntonio,225.5
12/5,H,LALakers,7.5
12/6,V,NewYork,218
12/6,H,Boston,13.5
12/6,V,Phoenix,211
12/6,H,Portland,13
12/6,V,Houston,216
12/6,H,Utah,1.5
12/7,V,Philadelphia,221
12/7,H,Detroit,2
12/7,V,Indiana,206.5
12/7,H,Orlando,3.5
12/7,V,Denver,218.5
12/7,H,Charlotte,1
12/7,V,Sacramento,3
12/7,H,Cleveland,222.5
12/7,V,Toronto,8.5
12/7,H,Brooklyn,221.5
12/7,V,Memphis,214
12/7,H,NewOrleans,5
12/7,V,OklahomaCity,8.5
12/7,H,Chicago,218.5
12/7,V,LALakers,1
12/7,H,SanAntonio,223.5
12/7,V,Miami,8.5
12/7,H,Phoenix,210.5
12/7,V,GoldenState,241.5
12/7,H,Milwaukee,2
12/8,V,Houston,3.5
12/8,H,Dallas,219
12/8,V,Sacramento,222.5
12/8,H,Indiana,5
12/8,V,Denver,5.5
12/8,H,Atlanta,225
12/8,V,Washington,7.5
12/8,H,Cleveland,216.5
12/8,V,Brooklyn,219.5
12/8,H,NewYork,2
12/8,V,Boston,7.5
12/8,H,Chicago,214
12/8,V,LALakers,208.5
12/8,H,Memphis,2.5
12/8,V,Minnesota,220.5
12/8,H,Portland,3.5
12/8,V,Miami,219
12/8,H,LAClippers,9.5
12/9,V,NewOrleans,2.5
12/9,H,Detroit,224.5
12/9,V,Milwaukee,229.5
12/9,H,Toronto,5
12/9,V,Utah,4
12/9,H,SanAntonio,218
12/9,V,Charlotte,6
12/9,H,NewYork,225.5
12/10,V,Washington,216.5
12/10,H,Indiana,6
12/10,V,Detroit,218
12/10,H,Philadelphia,11.5
12/10,V,NewOrleans,222.5
12/10,H,Boston,2.5
12/10,V,Cleveland,217
12/10,H,Milwaukee,10
12/10,V,Utah,217.5
12/10,H,OklahomaCity,5
12/10,V,Sacramento,2
12/10,H,Chicago,226.5
12/10,V,Orlando,210.5
12/10,H,Dallas,4.5
12/10,V,LAClippers,9.5
12/10,H,Phoenix,222.5
12/10,V,Memphis,197.5
12/10,H,Denver,3
12/10,V,Minnesota,228.5
12/10,H,GoldenState,10
12/10,V,Miami,222
12/10,H,LALakers,5
12/11,V,Portland,220.5
12/11,H,Houston,6.5
12/11,V,Phoenix,217.5
12/11,H,SanAntonio,12.5
12/11,V,Toronto,3
12/11,H,LAClippers,219
12/12,V,Brooklyn,224.5
12/12,H,Philadelphia,6
12/12,V,Boston,3.5
12/12,H,Washington,220
12/12,V,NewYork,1
12/12,H,Cleveland,215
12/12,V,Detroit,216.5
12/12,H,Charlotte,5.5
12/12,V,Milwaukee,2
12/12,H,Indiana,218.5
12/12,V,Portland,201.5
12/12,H,Memphis,3.5
12/12,V,OklahomaCity,2.5
12/12,H,NewOrleans,234.5
12/12,V,Atlanta,226
12/12,H,Dallas,9.5
12/12,V,Miami,211
12/12,H,Utah,8.5
12/12,V,Minnesota,3
12/12,H,Sacramento,227
12/12,V,Toronto,226.5
12/12,H,GoldenState,8
12/13,V,LALakers,226.5
12/13,H,Houston,6
12/13,V,LAClippers,221.5
12/13,H,SanAntonio,3
12/13,V,Chicago,212.5
12/13,H,Orlando,5.5
12/13,V,Dallas,6
12/13,H,Phoenix,210
12/14,V,Atlanta,221.5
12/14,H,Boston,12
12/14,V,NewYork,224
12/14,H,Charlotte,10
12/14,V,Milwaukee,9.5
12/14,H,Cleveland,220.5
12/14,V,Indiana,219.5
12/14,H,Philadelphia,3
12/14,V,Washington,224
12/14,H,Brooklyn,3
12/14,V,Miami,195
12/14,H,Memphis,4
12/14,V,Toronto,1.5
12/14,H,Portland,216
12/14,V,GoldenState,7
12/14,H,Sacramento,236.5
12/14,V,OklahomaCity,2
12/14,H,Denver,217.5
12/15,V,Utah,6
12/15,H,Orlando,207
12/15,V,LALakers,1
12/15,H,Charlotte,226.5
12/15,V,Boston,2
12/15,H,Detroit,215.5
12/15,V,Houston,5
12/15,H,Memphis,201.5
12/15,V,Chicago,213.5
12/15,H,SanAntonio,9.5
12/15,V,Minnesota,7.5
12/15,H,Phoenix,219.5
12/15,V,LAClippers,222.5
12/15,H,OklahomaCity,6.5
12/16,V,Atlanta,225.5
12/16,H,Brooklyn,7
12/16,V,Philadelphia,9
12/16,H,Cleveland,218
12/16,V,NewYork,217
12/16,H,Indiana,12
12/16,V,LALakers,3
12/16,H,Washington,231.5
12/16,V,Sacramento,222.5
12/16,H,Dallas,4.5
12/16,V,Miami,221.5
12/16,H,NewOrleans,5.5
12/16,V,Toronto,209.5
12/16,H,Denver,3.5
12/17,V,Milwaukee,3
12/17,H,Detroit,225.5
12/17,V,Phoenix,1.5
12/17,H,NewYork,222.5
12/17,V,Sacramento,231
12/17,H,Minnesota,8.5
12/17,V,Chicago,212
12/17,H,OklahomaCity,12.5
12/17,V,Utah,212
12/17,H,Houston,5
12/17,V,Philadelphia,224.5
12/17,H,SanAntonio,1
12/17,V,Memphis,210
12/17,H,GoldenState,13
12/17,V,Portland,216.5
12/17,H,LAClippers,1.5
12/18,V,Cleveland,207
12/18,H,Indiana,12.5
12/18,V,LALakers,1.5
12/18,H,Brooklyn,229
12/18,V,Washington,3
12/18,H,Atlanta,238
12/18,V,Dallas,208
12/18,H,Denver,4.5
12/19,V,NewYork,228.5
12/19,H,Philadelphia,12.5
12/19,V,SanAntonio,3
12/19,H,Orlando,209.5
12/19,V,Cleveland,214
12/19,H,Charlotte,13.5
12/19,V,Phoenix,222.5
12/19,H,Boston,12
12/19,V,Indiana,210.5
12/19,H,Toronto,4.5
12/19,V,Detroit,216.5
12/19,H,Minnesota,5.5
12/19,V,Washington,225
12/19,H,Houston,11
12/19,V,Brooklyn,1.5
12/19,H,Chicago,211.5
12/19,V,NewOrleans,230.5
12/19,H,Milwaukee,9
12/19,V,GoldenState,2
12/19,H,Utah,223
12/19,V,Memphis,201.5
12/19,H,Portland,5.5
12/19,V,OklahomaCity,4.5
12/19,H,Sacramento,233
12/20,V,Houston,3
12/20,H,Miami,210.5
12/20,V,Dallas,222.5
12/20,H,LAClippers,3
12/21,V,Detroit,220.5
12/21,H,Charlotte,4
12/21,V,Cleveland,210.5
12/21,H,Toronto,11.5
12/21,V,Indiana,2.5
12/21,H,Brooklyn,209.5
12/21,V,Atlanta,233.5
12/21,H,NewYork,2
12/21,V,Milwaukee,1.5
12/21,H,Boston,223.5
12/21,V,Orlando,3
12/21,H,Chicago,202
12/21,V,Minnesota,219.5
12/21,H,SanAntonio,4
12/21,V,Memphis,211.5
12/21,H,Sacramento,2
12/21,V,Utah,213.5
12/21,H,Portland,1
12/21,V,NewOrleans,235
12/21,H,LALakers,5
12/22,V,Denver,221
12/22,H,LAClippers,2.5
12/22,V,Phoenix,226.5
12/22,H,Washington,5
12/22,V,Toronto,222.5
12/22,H,Philadelphia,8
12/22,V,SanAntonio,217.5
12/22,H,Houston,4.5
12/22,V,Milwaukee,1.5
12/22,H,Miami,215
12/22,V,Dallas,227
12/22,H,GoldenState,11
12/22,V,OklahomaCity,219.5
12/22,H,Utah,2
12/23,V,Atlanta,221.5
12/23,H,Detroit,9.5
12/23,V,Washington,219
12/23,H,Indiana,11
12/23,V,Miami,201.5
12/23,H,Orlando,2.5
12/23,V,Phoenix,218.5
12/23,H,Brooklyn,9
12/23,V,NewOrleans,1
12/23,H,Sacramento,237.5
12/23,V,Chicago,201
12/23,H,Cleveland,1
12/23,V,Charlotte,217
12/23,H,Boston,7.5
12/23,V,Minnesota,222
12/23,H,OklahomaCity,6.5
12/23,V,LAClippers,233.5
12/23,H,GoldenState,10.5
12/23,V,Dallas,215
12/23,H,Portland,7.5
12/23,V,Memphis,210.5
12/23,H,LALakers,5
12/25,V,Milwaukee,10
12/25,H,NewYork,226
12/25,V,OklahomaCity,1
12/25,H,Houston,221
12/25,V,Philadelphia,224
12/25,H,Boston,5
12/25,V,LALakers,233.5
12/25,H,GoldenState,9
12/25,V,Portland,214.5
12/25,H,Utah,7
12/26,V,Phoenix,212
12/26,H,Orlando,5.5
12/26,V,Washington,221.5
12/26,H,Detroit,4.5
12/26,V,Indiana,6.5
12/26,H,Atlanta,220
12/26,V,Toronto,2
12/26,H,Miami,207.5
12/26,V,Charlotte,220.5
12/26,H,Brooklyn,1.5
12/26,V,Cleveland,196.5
12/26,H,Memphis,9.5
12/26,V,Minnesota,4
12/26,H,Chicago,210
12/26,V,NewOrleans,228.5
12/26,H,Dallas,2
12/26,V,Denver,216
12/26,H,SanAntonio,4
12/26,V,Sacramento,239
12/26,H,LAClippers,4.5
12/27,V,Boston,2.5
12/27,H,Houston,214
12/27,V,NewYork,227
12/27,H,Milwaukee,14.5
12/27,V,LALakers,229
12/27,H,Sacramento,4.5
12/27,V,Portland,227
12/27,H,GoldenState,9
12/27,V,Philadelphia,219.5
12/27,H,Utah,4.5
12/28,V,Brooklyn,220
12/28,H,Charlotte,4.5
12/28,V,Detroit,206.5
12/28,H,Indiana,7
12/28,V,Toronto,4.5
12/28,H,Orlando,207.5
12/28,V,Chicago,212.5
12/28,H,Washington,4.5
12/28,V,Cleveland,202.5
12/28,H,Miami,10.5
12/28,V,Dallas,228.5
12/28,H,NewOrleans,4
12/28,V,Atlanta,229.5
12/28,H,Minnesota,9
12/28,V,SanAntonio,216.5
12/28,H,Denver,4.5
12/28,V,OklahomaCity,4.5
12/28,H,Phoenix,226
12/28,V,LAClippers,7
12/28,H,LALakers,229
12/29,V,Brooklyn,222
12/29,H,Milwaukee,11
12/29,V,Houston,3.5
12/29,H,NewOrleans,229.5
12/29,V,Charlotte,3.5
12/29,H,Washington,217.5
12/29,V,Cleveland,219.5
12/29,H,Atlanta,4
12/29,V,Boston,3.5
12/29,H,Memphis,202
12/29,V,NewYork,215
12/29,H,Utah,12
12/29,V,Denver,5
12/29,H,Phoenix,215.5
12/29,V,GoldenState,5.5
12/29,H,Portland,226.5
12/29,V,SanAntonio,227
12/29,H,LAClippers,2.5
12/30,V,Detroit,203.5
12/30,H,Orlando,1.5
12/30,V,Minnesota,207
12/30,H,Miami,3.5
12/30,V,Chicago,206.5
12/30,H,Toronto,11
12/30,V,OklahomaCity,2.5
12/30,H,Dallas,226
12/30,V,Philadelphia,225
12/30,H,Portland,3
12/30,V,Sacramento,233
12/30,H,LALakers,2
12/31,V,Atlanta,220.5
12/31,H,Indiana,13.5
12/31,V,Orlando,211
12/31,H,Charlotte,8
12/31,V,Boston,1.5
12/31,H,SanAntonio,217.5
12/31,V,Memphis,200.5
12/31,H,Houston,4
12/31,V,Dallas,224
12/31,H,OklahomaCity,7.5
12/31,V,Minnesota,224
12/31,H,NewOrleans,1
12/31,V,GoldenState,10
12/31,H,Phoenix,231
1/1,V,Utah,209
1/1,H,Toronto,1
1/1,V,Detroit,219
1/1,H,Milwaukee,10
1/1,V,NewYork,219
1/1,H,Denver,13.5
1/1,V,Portland,1
1/1,H,Sacramento,230
1/1,V,Philadelphia,1.5
1/1,H,LAClippers,236.5
1/2,V,Miami,5.5
1/2,H,Cleveland,202.5
1/2,V,Atlanta,230
1/2,H,Washington,6
1/2,V,Dallas,222.5
1/2,H,Charlotte,1
1/2,V,NewOrleans,1.5
1/2,H,Brooklyn,230
1/2,V,Minnesota,214.5
1/2,H,Boston,6.5
1/2,V,Detroit,198
1/2,H,Memphis,6.5
1/2,V,Orlando,1.5
1/2,H,Chicago,198.5
1/2,V,Philadelphia,3.5
1/2,H,Phoenix,228.5
1/2,V,OklahomaCity,5
1/2,H,LALakers,229.5
1/3,V,Toronto,218
1/3,H,SanAntonio,3.5
1/3,V,Denver,3.5
1/3,H,Sacramento,227
1/3,V,Houston,226.5
1/3,H,GoldenState,8.5
1/4,V,Dallas,212.5
1/4,H,Boston,4
1/4,V,Utah,10
1/4,H,Cleveland,207.5
1/4,V,Brooklyn,204
1/4,H,Memphis,4
1/4,V,Washington,211.5
1/4,H,Miami,6.5
1/4,V,Orlando,214
1/4,H,Minnesota,4
1/4,V,Indiana,7
1/4,H,Chicago,201
1/4,V,Atlanta,230
1/4,H,Milwaukee,14
1/4,V,LAClippers,4.5
1/4,H,Phoenix,235
1/4,V,NewYork,222.5
1/4,H,LALakers,5.5
1/4,V,OklahomaCity,224
1/4,H,Portland,pk
1/5,V,Charlotte,218.5
1/5,H,Denver,9
1/5,V,Utah,3.5
1/5,H,Detroit,209
1/5,V,Dallas,227
1/5,H,Philadelphia,6.5
1/5,V,NewOrleans,10
1/5,H,Cleveland,222
1/5,V,Toronto,226.5
1/5,H,Milwaukee,5.5
1/5,V,Memphis,203.5
1/5,H,SanAntonio,8.5
1/5,V,Houston,220
1/5,H,Portland,2
1/5,V,GoldenState,8
1/5,H,Sacramento,238.5
1/6,V,Brooklyn,2
1/6,H,Chicago,207.5
1/6,V,Orlando,220.5
1/6,H,LAClippers,6.5
1/6,V,LALakers,224.5
1/6,H,Minnesota,8
1/6,V,Miami,6.5
1/6,H,Atlanta,218.5
1/6,V,Washington,227.5
1/6,H,OklahomaCity,10
1/6,V,Indiana,213
1/6,H,Toronto,pk
1/6,V,Charlotte,224.5
1/6,H,Phoenix,1.5
1/7,V,SanAntonio,2.5
1/7,H,Detroit,214.5
1/7,V,Brooklyn,219.5
1/7,H,Boston,10.5
1/7,V,Memphis,214.5
1/7,H,NewOrleans,4.5
1/7,V,Utah,222.5
1/7,H,Milwaukee,5
1/7,V,Denver,215.5
1/7,H,Houston,1
1/7,V,LALakers,223
1/7,H,Dallas,7.5
1/7,V,Orlando,222.5
1/7,H,Sacramento,4.5
1/7,V,NewYork,222
1/7,H,Portland,11
1/8,V,Washington,227
1/8,H,Philadelphia,8.5
1/8,V,Indiana,10
1/8,H,Cleveland,208
1/8,V,Atlanta,229
1/8,H,Toronto,13.5
1/8,V,Denver,209.5
1/8,H,Miami,2
1/8,V,Minnesota,228.5
1/8,H,OklahomaCity,8
1/8,V,Sacramento,4
1/8,H,Phoenix,227.5
1/8,V,NewYork,232.5
1/8,H,GoldenState,17
1/8,V,Charlotte,231
1/8,H,LAClippers,6.5
1/9,V,Philadelphia,3.5
1/9,H,Washington,227.5
1/9,V,Indiana,216
1/9,H,Boston,7
1/9,V,Atlanta,227
1/9,H,Brooklyn,8.5
1/9,V,Milwaukee,2
1/9,H,Houston,229.5
1/9,V,SanAntonio,3
1/9,H,Memphis,206
1/9,V,Cleveland,225
1/9,H,NewOrleans,14.5
1/9,V,Phoenix,217.5
1/9,H,Dallas,11
1/9,V,Orlando,207.5
1/9,H,Utah,9.5
1/9,V,Chicago,209
1/9,H,Portland,10
1/9,V,Detroit,216
1/9,H,LALakers,1.5
1/10,V,Boston,3
1/10,H,Miami,212
1/10,V,LAClippers,226
1/10,H,Denver,5.5
1/10,V,OklahomaCity,1.5
1/10,H,SanAntonio,224.5
1/10,V,Detroit,220
1/10,H,Sacramento,8
1/11,V,Milwaukee,2
1/11,H,Washington,227.5
1/11,V,Atlanta,234
1/11,H,Philadelphia,10.5
1/11,V,Indiana,8
1/11,H,NewYork,218.5
1/11,V,Brooklyn,224.5
1/11,H,Toronto,10
1/11,V,Cleveland,216.5
1/11,H,Houston,14
1/11,V,Dallas,224
1/11,H,Minnesota,4.5
1/11,V,LALakers,214.5
1/11,H,Utah,8.5
1/11,V,Charlotte,222.5
1/11,H,Portland,6.5
1/11,V,Chicago,221
1/11,H,GoldenState,15.5
1/12,V,Detroit,222
1/12,H,LAClippers,7.5
1/12,V,Memphis,196
1/12,H,Miami,3.5
1/12,V,Boston,7.5
1/12,H,Orlando,213.5
1/12,V,SanAntonio,227
1/12,H,OklahomaCity,6
1/12,V,NewOrleans,1.5
1/12,H,Minnesota,237
1/12,V,Denver,9
1/12,H,Phoenix,217.5
1/12,V,Chicago,207
1/12,H,Utah,12
1/12,V,Charlotte,233.5
1/12,H,Sacramento,6
1/13,V,Philadelphia,9
1/13,H,NewYork,229
1/13,V,Toronto,5
1/13,H,Washington,224.5
1/13,V,Milwaukee,9.5
1/13,H,Atlanta,232
1/13,V,Houston,5.5
1/13,H,Orlando,214.5
1/13,V,GoldenState,6
1/13,H,Dallas,227.5
1/13,V,Portland,217
1/13,H,Denver,4.5
1/13,V,Cleveland,222
1/13,H,LALakers,10.5
1/14,V,Boston,2.5
1/14,H,Brooklyn,217
1/14,V,Memphis,208.5
1/14,H,Houston,3.5
1/14,V,Charlotte,220.5
1/14,H,SanAntonio,7.5
1/14,V,Detroit,208
1/14,H,Utah,7.5
1/14,V,Portland,228
1/14,H,Sacramento,2
1/14,V,NewOrleans,1
1/14,H,LAClippers,240
1/15,V,Minnesota,234
1/15,H,Philadelphia,6.5
1/15,V,Phoenix,218.5
1/15,H,Indiana,10.5
1/15,V,OklahomaCity,10
1/15,H,Atlanta,234.5
1/15,V,Miami,218
1/15,H,Milwaukee,8.5
1/15,V,GoldenState,2
1/15,H,Denver,227.5
1/15,V,Chicago,215.5
1/15,H,LALakers,7
1/16,V,Orlando,208
1/16,H,Detroit,3.5
1/16,V,Milwaukee,6
1/16,H,Memphis,212.5
1/16,V,Toronto,223
1/16,H,Boston,2.5
1/16,V,Brooklyn,226.5
1/16,H,Houston,5.5
1/16,V,SanAntonio,217
1/16,H,Dallas,1
1/16,V,Cleveland,217.5
1/16,H,Portland,14
1/16,V,NewOrleans,241.5
1/16,H,GoldenState,7
1/16,V,Utah,224
1/16,H,LAClippers,1
1/17,V,NewYork,229
1/17,H,Washington,7.5
1/17,V,Philadelphia,225
1/17,H,Indiana,3
1/17,V,Sacramento,229
1/17,H,Charlotte,2.5
1/17,V,Phoenix,223.5
1/17,H,Toronto,9
1/17,V,Chicago,214
1/17,H,Denver,14
1/17,V,LALakers,226
1/17,H,OklahomaCity,10
1/18,V,Brooklyn,217
1/18,H,Orlando,2.5
1/18,V,Memphis,207.5
1/18,H,Boston,10
1/18,V,Miami,206
1/18,H,Detroit,2.5
1/18,V,SanAntonio,226.5
1/18,H,Minnesota,1.5
1/18,V,Cleveland,215
1/18,H,Utah,15.5
1/18,V,NewOrleans,235.5
1/18,H,Portland,3
1/18,V,GoldenState,7.5
1/18,H,LAClippers,241.5
1/19,V,OklahomaCity,235
1/19,H,Philadelphia,3.5
1/19,V,Phoenix,224.5
1/19,H,Charlotte,7
1/19,V,Sacramento,1.5
1/19,H,Detroit,222.5
1/19,V,Dallas,214.5
1/19,H,Indiana,7.5
1/19,V,Milwaukee,10.5
1/19,H,Orlando,221.5
1/19,V,Boston,7
1/19,H,Atlanta,226
1/19,V,Memphis,212.5
1/19,H,Toronto,10.5
1/19,V,Miami,3.5
1/19,H,Chicago,208.5
1/19,V,LALakers,229.5
1/19,H,Houston,7.5
1/19,V,Cleveland,219
1/19,H,Denver,18.5
1/20,V,Charlotte,219
1/20,H,Indiana,8
1/20,V,Phoenix,229.5
1/20,H,Minnesota,12
1/20,V,LAClippers,220.5
1/20,H,SanAntonio,9.5
1/21,V,OklahomaCity,9
1/21,H,NewYork,226
1/21,V,Chicago,2.5
1/21,H,Cleveland,211.5
1/21,V,Detroit,215.5
1/21,H,Washington,5.5
1/21,V,Dallas,225
1/21,H,Milwaukee,11.5
1/21,V,Orlando,221
1/21,H,Atlanta,1
1/21,V,Sacramento,231
1/21,H,Brooklyn,3.5
1/21,V,NewOrleans,222
1/21,H,Memphis,3
1/21,V,Miami,212.5
1/21,H,Boston,8.5
1/21,V,Houston,234
1/21,H,Philadelphia,4.5
1/21,V,Portland,218.5
1/21,H,Utah,5
1/21,V,GoldenState,13.5
1/21,H,LALakers,233
1/22,V,Sacramento,226.5
1/22,H,Toronto,11
1/22,V,Portland,225
1/22,H,OklahomaCity,3.5
1/22,V,LAClippers,223.5
1/22,H,Dallas,3
1/22,V,Minnesota,4
1/22,H,Phoenix,232.5
1/23,V,Toronto,217
1/23,H,Indiana,6.5
1/23,V,Cleveland,212.5
1/23,H,Boston,15
1/23,V,Orlando,218
1/23,H,Brooklyn,5
1/23,V,Houston,8
1/23,H,NewYork,226.5
1/23,V,LAClippers,215.5
1/23,H,Miami,6
1/23,V,SanAntonio,224.5
1/23,H,Philadelphia,3
1/23,V,Detroit,221.5
1/23,H,NewOrleans,4.5
1/23,V,Atlanta,224
1/23,H,Chicago,1.5
1/23,V,Charlotte,209
1/23,H,Memphis,2
1/23,V,Denver,216.5
1/23,H,Utah,4
1/24,V,GoldenState,9.5
1/24,H,Washington,234.5
1/24,V,NewOrleans,231
1/24,H,OklahomaCity,14
1/24,V,Portland,8.5
1/24,H,Phoenix,220.5
1/24,V,Minnesota,230.5
1/24,H,LALakers,2.5
1/25,V,Washington,217.5
1/25,H,Orlando,3
1/25,V,Miami,8.5
1/25,H,Cleveland,207.5
1/25,V,NewYork,221
1/25,H,Brooklyn,8.5
1/25,V,Toronto,3.5
1/25,H,Houston,228
1/25,V,Sacramento,214
1/25,H,Memphis,2
1/25,V,LAClippers,4.5
1/25,H,Chicago,223
1/25,V,Detroit,207.5
1/25,H,Dallas,4.5
1/25,V,Charlotte,230
1/25,H,Milwaukee,11
1/25,V,Phoenix,222
1/25,H,Denver,14.5
1/25,V,Minnesota,217.5
1/25,H,Utah,10.5
1/26,V,SanAntonio,4.5
1/26,H,NewOrleans,227.5
1/26,V,Indiana,5
1/26,H,Memphis,202.5
1/26,V,GoldenState,3.5
1/26,H,Boston,233
1/26,V,Philadelphia,226
1/26,H,Denver,10.5
1/26,V,Atlanta,224
1/26,H,Portland,8.5
1/27,V,Cleveland,212
1/27,H,Chicago,5
1/27,V,Sacramento,230.5
1/27,H,LAClippers,3.5
1/27,V,Milwaukee,235
1/27,H,OklahomaCity,pk
1/27,V,Toronto,4
1/27,H,Dallas,220
1/27,V,Orlando,222
1/27,H,Houston,8.5
1/27,V,Washington,222
1/27,H,SanAntonio,4
1/27,V,Utah,5.5
1/27,H,Minnesota,217
1/27,V,Miami,5
1/27,H,NewYork,210
1/27,V,Phoenix,227.5
1/27,H,LALakers,8
1/28,V,GoldenState,7
1/28,H,Indiana,228.5
1/28,V,NewYork,221.5
1/28,H,Charlotte,11.5
1/28,V,Brooklyn,219
1/28,H,Boston,9
1/28,V,Denver,5.5
1/28,H,Memphis,205
1/28,V,Atlanta,233.5
1/28,H,LAClippers,6
1/29,V,Washington,8
1/29,H,Cleveland,218.5
1/29,V,Milwaukee,7
1/29,H,Detroit,216.5
1/29,V,OklahomaCity,3
1/29,H,Orlando,222
1/29,V,Chicago,220.5
1/29,H,Brooklyn,7
1/29,V,NewOrleans,234
1/29,H,Houston,13.5
1/29,V,Phoenix,226
1/29,H,SanAntonio,13.5
1/29,V,Philadelphia,7.5
1/29,H,LALakers,230
1/30,V,Chicago,206
1/30,H,Miami,10.5
1/30,V,Dallas,7
1/30,H,NewYork,215
1/30,V,Charlotte,214.5
1/30,H,Boston,7.5
1/30,V,Memphis,208
1/30,H,Minnesota,3
1/30,V,Denver,9
1/30,H,NewOrleans,226
1/30,V,Indiana,1
1/30,H,Washington,218
1/30,V,Atlanta,236.5
1/30,H,Sacramento,5
1/30,V,Utah,2
1/30,H,Portland,218
1/31,V,Indiana,208
1/31,H,Orlando,3.5
1/31,V,Dallas,205.5
1/31,H,Detroit,7.5
1/31,V,Milwaukee,231
1/31,H,Toronto,2.5
1/31,V,Brooklyn,226
1/31,H,SanAntonio,8
1/31,V,Philadelphia,240.5
1/31,H,GoldenState,8
1/31,V,LALakers,2.5
1/31,H,LAClippers,232
2/1,V,Memphis,202.5
2/1,H,Charlotte,8
2/1,V,Boston,14
2/1,H,NewYork,213.5
2/1,V,OklahomaCity,3.5
2/1,H,Miami,218.5
2/1,V,Atlanta,226.5
2/1,H,Utah,12
2/1,V,Houston,223.5
2/1,H,Denver,3.5
2/2,V,LAClippers,215.5
2/2,H,Detroit,2
2/2,V,Brooklyn,221
2/2,H,Orlando,3
2/2,V,Chicago,216
2/2,H,Charlotte,6.5
2/2,V,Milwaukee,6
2/2,H,Washington,227
2/2,V,Indiana,204
2/2,H,Miami,1.5
2/2,V,Dallas,5.5
2/2,H,Cleveland,210.5
2/2,V,NewOrleans,230
2/2,H,SanAntonio,10.5
2/2,V,LALakers,234.5
2/2,H,GoldenState,15
2/2,V,Denver,221.5
2/2,H,Minnesota,1.5
2/2,V,Houston,222
2/2,H,Utah,7
2/2,V,Atlanta,235
2/2,H,Phoenix,2
2/2,V,Philadelphia,3
2/2,H,Sacramento,232.5
2/3,V,Memphis,2.5
2/3,H,NewYork,199.5
2/3,V,OklahomaCity,228
2/3,H,Boston,4
2/3,V,LAClippers,225.5
2/3,H,Toronto,9.5
2/4,V,Denver,1.5
2/4,H,Detroit,209
2/4,V,Atlanta,230
2/4,H,Washington,7
2/4,V,Milwaukee,7.5
2/4,H,Brooklyn,230
2/4,V,Indiana,3.5
2/4,H,NewOrleans,219
2/4,V,Houston,8.5
2/4,H,Phoenix,227.5
2/4,V,SanAntonio,2
2/4,H,Sacramento,231
2/5,V,LALakers,2.5
2/5,H,Indiana,218
2/5,V,Boston,10
2/5,H,Cleveland,210
2/5,V,LAClippers,223.5
2/5,H,Charlotte,3
2/5,V,Detroit,3.5
2/5,H,NewYork,206.5
2/5,V,Orlando,223.5
2/5,H,OklahomaCity,9
2/5,V,Toronto,229.5
2/5,H,Philadelphia,2
2/5,V,Minnesota,4
2/5,H,Memphis,206.5
2/5,V,Miami,212.5
2/5,H,Portland,7.5
2/6,V,Denver,3.5
2/6,H,Brooklyn,226
2/6,V,NewOrleans,1.5
2/6,H,Chicago,226
2/6,V,Washington,229
2/6,H,Milwaukee,12
2/6,V,Charlotte,215.5
2/6,H,Dallas,5.5
2/6,V,Phoenix,216.5
2/6,H,Utah,15
2/6,V,Houston,4
2/6,H,Sacramento,236
2/6,V,SanAntonio,232
2/6,H,GoldenState,15
2/7,V,Minnesota,215
2/7,H,Orlando,3.5
2/7,V,LAClippers,220.5
2/7,H,Indiana,6.5
2/7,V,Toronto,6.5
2/7,H,Atlanta,232.5
2/7,V,Memphis,215
2/7,H,OklahomaCity,13.5
2/7,V,LALakers,228
2/7,H,Boston,9
2/7,V,SanAntonio,226
2/7,H,Portland,6
2/8,V,Denver,229.5
2/8,H,Philadelphia,6.5
2/8,V,Cleveland,221
2/8,H,Washington,10
2/8,V,NewYork,205
2/8,H,Detroit,8
2/8,V,Chicago,227
2/8,H,Brooklyn,8
2/8,V,Milwaukee,6
2/8,H,Dallas,226
2/8,V,GoldenState,17
2/8,H,Phoenix,229.5
2/8,V,Minnesota,230.5
2/8,H,NewOrleans,6
2/8,V,Miami,220.5
2/8,H,Sacramento,3.5
2/9,V,SanAntonio,219.5
2/9,H,Utah,8
2/9,V,Cleveland,210
2/9,H,Indiana,14
2/9,V,Toronto,13.5
2/9,H,NewYork,215.5
2/9,V,Charlotte,2
2/9,H,Atlanta,228.5
2/9,V,NewOrleans,1
2/9,H,Memphis,214.5
2/9,V,Washington,2
2/9,H,Chicago,226.5
2/9,V,LAClippers,229.5
2/9,H,Boston,11.5
2/9,V,OklahomaCity,237.5
2/9,H,Houston,2.5
2/9,V,Orlando,222.5
2/9,H,Milwaukee,6.5
2/10,V,Portland,3
2/10,H,Dallas,220
2/10,V,LALakers,235
2/10,H,Philadelphia,7.5
2/10,V,Phoenix,231
2/10,H,Sacramento,9
2/10,V,Orlando,1
2/10,H,Atlanta,225
2/10,V,Miami,222
2/10,H,GoldenState,13.5
2/11,V,Washington,224.5
2/11,H,Detroit,6
2/11,V,NewYork,209
2/11,H,Cleveland,1.5
2/11,V,Charlotte,215
2/11,H,Indiana,5.5
2/11,V,Brooklyn,227.5
2/11,H,Toronto,10
2/11,V,Portland,231.5
2/11,H,OklahomaCity,5
2/11,V,Dallas,224.5
2/11,H,Houston,11
2/11,V,Milwaukee,11.5
2/11,H,Chicago,227
2/11,V,LAClippers,233
2/11,H,Minnesota,3.5
2/11,V,Miami,213
2/11,H,Denver,10
2/12,V,LALakers,6
2/12,H,Atlanta,239
2/12,V,Orlando,223
2/12,H,NewOrleans,4.5
2/12,V,Boston,225
2/12,H,Philadelphia,7
2/12,V,SanAntonio,7
2/12,H,Memphis,207.5
2/12,V,Utah,229.5
2/12,H,GoldenState,9
2/13,V,Brooklyn,7.5
2/13,H,Cleveland,225
2/13,V,Milwaukee,4.5
2/13,H,Indiana,218.5
2/13,V,Detroit,211
2/13,H,Boston,3.5
2/13,V,Washington,232.5
2/13,H,Toronto,9.5
2/13,V,Philadelphia,10
2/13,H,NewYork,222.5
2/13,V,Memphis,207.5
2/13,H,Chicago,1.5
2/13,V,Miami,208
2/13,H,Dallas,3
2/13,V,Sacramento,232.5
2/13,H,Denver,7.5
2/13,V,Houston,4
2/13,H,Minnesota,231.5
2/13,V,GoldenState,2
2/13,H,Portland,235
2/13,V,Phoenix,232.5
2/13,H,LAClippers,8
2/14,V,Charlotte,215
2/14,H,Orlando,4
2/14,V,NewYork,228
2/14,H,Atlanta,7.5
2/14,V,OklahomaCity,4.5
2/14,H,NewOrleans,238.5
2/21,V,Miami,220.5
2/21,H,Philadelphia,5.5
2/21,V,Phoenix,221.5
2/21,H,Cleveland,1
2/21,V,Portland,3
2/21,H,Brooklyn,231.5
2/21,V,Boston,227
2/21,H,Milwaukee,6
2/21,V,Houston,3
2/21,H,LALakers,233.5
2/21,V,Sacramento,239
2/21,H,GoldenState,12
2/22,V,Washington,231.5
2/22,H,Charlotte,5
2/22,V,NewOrleans,223
2/22,H,Indiana,5
2/22,V,Chicago,216.5
2/22,H,Orlando,8
2/22,V,SanAntonio,227
2/22,H,Toronto,8
2/22,V,Minnesota,3.5
2/22,H,NewYork,220
2/22,V,Detroit,4.5
2/22,H,Atlanta,221.5
2/22,V,LAClippers,3
2/22,H,Memphis,217
2/22,V,Denver,7
2/22,H,Dallas,223
2/22,V,Utah,227
2/22,H,OklahomaCity,4.5
2/23,V,Portland,229.5
2/23,H,Philadelphia,2
2/23,V,Memphis,209
2/23,H,Cleveland,1.5
2/23,V,Indiana,227
2/23,H,Washington,pk
2/23,V,Brooklyn,228
2/23,H,Charlotte,3
2/23,V,LALakers,6.5
2/23,H,NewOrleans,234.5
2/23,V,Phoenix,234
2/23,H,Atlanta,3
2/23,V,Detroit,209.5
2/23,H,Miami,3.5
2/23,V,Boston,10
2/23,H,Chicago,220
2/23,V,Sacramento,240
2/23,H,OklahomaCity,5.5
2/23,V,Houston,232
2/23,H,GoldenState,12
2/23,V,Minnesota,232.5
2/23,H,Milwaukee,13
2/23,V,Dallas,214
2/23,H,Utah,11.5
2/24,V,Orlando,216
2/24,H,Toronto,7
2/24,V,LAClippers,235
2/24,H,Denver,9
2/24,V,SanAntonio,9
2/24,H,NewYork,226
2/25,V,Portland,9
2/25,H,Cleveland,225
2/25,V,Indiana,211.5
2/25,H,Detroit,2.5
2/25,V,GoldenState,8.5
2/25,H,Charlotte,233.5
2/25,V,Phoenix,217
2/25,H,Miami,8
2/25,V,SanAntonio,233.5
2/25,H,Brooklyn,1.5
2/25,V,Milwaukee,8
2/25,H,Chicago,224.5
2/25,V,Atlanta,233.5
2/25,H,Houston,12.5
2/25,V,Philadelphia,2.5
2/25,H,NewOrleans,240.5
2/25,V,Sacramento,237.5
2/25,H,Minnesota,3.5
2/25,V,LALakers,5
2/25,H,Memphis,222
2/25,V,Dallas,229.5
2/25,H,LAClippers,3.5
2/26,V,Orlando,7.5
2/26,H,NewYork,215.5
2/26,V,Boston,226
2/26,H,Toronto,3.5
2/26,V,OklahomaCity,238
2/26,H,Denver,3.5
2/27,V,Houston,5
2/27,H,Charlotte,227.5
2/27,V,Minnesota,5
2/27,H,Atlanta,235.5
2/27,V,Portland,228
2/27,H,Boston,2.5
2/27,V,Washington,237.5
2/27,H,Brooklyn,5
2/27,V,GoldenState,9.5
2/27,H,Miami,225.5
2/27,V,Chicago,216.5
2/27,H,Memphis,3
2/27,V,Detroit,220.5
2/27,H,SanAntonio,4
2/27,V,Indiana,1
2/27,H,Dallas,214.5
2/27,V,LAClippers,227
2/27,H,Utah,10
2/27,V,Milwaukee,6.5
2/27,H,Sacramento,237.5
2/27,V,NewOrleans,239.5
2/27,H,LALakers,6
2/28,V,Minnesota,221.5
2/28,H,Indiana,3.5
2/28,V,GoldenState,4.5
2/28,H,Orlando,224
2/28,V,Cleveland,221
2/28,H,NewYork,1.5
2/28,V,Miami,219
2/28,H,Houston,9.5
2/28,V,Utah,224.5
2/28,H,Denver,7.5
2/28,V,Philadelphia,239.5
2/28,H,OklahomaCity,4
3/1,V,Portland,229.5
3/1,H,Toronto,5
3/1,V,Chicago,1
3/1,H,Atlanta,230
3/1,V,Charlotte,228
3/1,H,Brooklyn,2.5
3/1,V,Washington,234.5
3/1,H,Boston,10
3/1,V,NewOrleans,4.5
3/1,H,Phoenix,239
3/1,V,LAClippers,238
3/1,H,Sacramento,3
3/1,V,Milwaukee,5.5
3/1,H,LALakers,239
3/2,V,Detroit,8.5
3/2,H,Cleveland,214.5
3/2,V,Orlando,209.5
3/2,H,Indiana,3
3/2,V,Brooklyn,222.5
3/2,H,Miami,2
3/2,V,Memphis,214.5
3/2,H,Dallas,4.5
3/2,V,GoldenState,5
3/2,H,Philadelphia,238
3/2,V,OklahomaCity,229
3/2,H,SanAntonio,5
3/2,V,LALakers,7
3/2,H,Phoenix,234.5
3/2,V,Milwaukee,223
3/2,H,Utah,5
3/2,V,NewOrleans,238
3/2,H,Denver,13.5
3/3,V,Portland,2.5
3/3,H,Charlotte,224.5
3/3,V,Houston,225.5
3/3,H,Boston,2
3/3,V,Atlanta,229
3/3,H,Chicago,4
3/3,V,NewYork,226.5
3/3,H,LAClippers,10
3/3,V,Orlando,6
3/3,H,Cleveland,214.5
3/3,V,Toronto,2.5
3/3,H,Detroit,217.5
3/3,V,Minnesota,PK
3/3,H,Washington,240.5
3/3,V,Memphis,217.5
3/3,H,OklahomaCity,9.5
3/4,V,Dallas,226.5
3/4,H,Brooklyn,5.5
3/4,V,Atlanta,222
3/4,H,Miami,9.5
3/4,V,Denver,229.5
3/4,H,SanAntonio,1.5
3/4,V,Milwaukee,13.5
3/4,H,Phoenix,232.5
3/4,V,NewOrleans,231.5
3/4,H,Utah,9.5
3/4,V,NewYork,229
3/4,H,Sacramento,11
3/4,V,LAClippers,235
3/4,H,LALakers,3.5
3/5,V,Orlando,222
3/5,H,Philadelphia,4
3/5,V,Chicago,217.5
3/5,H,Indiana,6.5
3/5,V,Houston,229
3/5,H,Toronto,3.5
3/5,V,Portland,5.5
3/5,H,Memphis,215.5
3/5,V,OklahomaCity,2
3/5,H,Minnesota,236.5
3/5,V,Boston,228.5
3/5,H,GoldenState,7
3/6,V,Miami,215.5
3/6,H,Charlotte,3.5
3/6,V,Dallas,232.5
3/6,H,Washington,5.5
3/6,V,Minnesota,223.5
3/6,H,Detroit,4.5
3/6,V,SanAntonio,5.5
3/6,H,Atlanta,234
3/6,V,Cleveland,228
3/6,H,Brooklyn,9.5
3/6,V,Utah,4.5
3/6,H,NewOrleans,230
3/6,V,Philadelphia,4
3/6,H,Chicago,230
3/6,V,NewYork,227.5
3/6,H,Phoenix,3.5
3/6,V,Boston,2
3/6,H,Sacramento,227
3/6,V,Denver,5
3/6,H,LALakers,231
3/7,V,Indiana,223
3/7,H,Milwaukee,10
3/7,V,OklahomaCity,233
3/7,H,Portland,3.5
3/8,V,Washington,234
3/8,H,Charlotte,4
3/8,V,Dallas,214
3/8,H,Orlando,7
3/8,V,Utah,4.5
3/8,H,Memphis,209
3/8,V,Cleveland,213.5
3/8,H,Miami,9
3/8,V,Toronto,9.5
3/8,H,NewOrleans,230
3/8,V,Philadelphia,230.5
3/8,H,Houston,7.5
3/8,V,Detroit,3.5
3/8,H,Chicago,218.5
3/8,V,Denver,234.5
3/8,H,GoldenState,7
3/8,V,OklahomaCity,236.5
3/8,H,LAClippers,2
3/9,V,Sacramento,5.5
3/9,H,NewYork,225.5
3/9,V,Brooklyn,4.5
3/9,H,Atlanta,238
3/9,V,Washington,242
3/9,H,Minnesota,7
3/9,V,Boston,7
3/9,H,LALakers,220.5
3/9,V,Charlotte,228
3/9,H,Milwaukee,12
3/9,V,Phoenix,226.5
3/9,H,Portland,12.5
3/10,V,Chicago,214
3/10,H,Detroit,9
3/10,V,Toronto,214.5
3/10,H,Miami,1.5
3/10,V,Indiana,217.5
3/10,H,Philadelphia,6.5
3/10,V,NewOrleans,237
3/10,H,Atlanta,1
3/10,V,Orlando,208.5
3/10,H,Memphis,pk
3/10,V,Houston,8.5
3/10,H,Dallas,222.5
3/10,V,Milwaukee,2
3/10,H,SanAntonio,229
3/10,V,NewYork,222.5
3/10,H,Minnesota,6.5
3/10,V,Phoenix,234
3/10,H,GoldenState,17
3/11,V,Toronto,8.5
3/11,H,Cleveland,224.5
3/11,V,Sacramento,240
3/11,H,Washington,2
3/11,V,Detroit,222.5
3/11,H,Brooklyn,2
3/11,V,Charlotte,223
3/11,H,Houston,10
3/11,V,OklahomaCity,226
3/11,H,Utah,4
3/11,V,Boston,2
3/11,H,LAClippers,227.5
3/12,V,NewYork,208.5
3/12,H,Indiana,11
3/12,V,Cleveland,223.5
3/12,H,Philadelphia,15
3/12,V,Milwaukee,10.5
3/12,H,NewOrleans,236.5
3/12,V,LALakers,2
3/12,H,Chicago,225.5
3/12,V,SanAntonio,3.5
3/12,H,Dallas,218.5
3/12,V,Minnesota,227.5
3/12,H,Denver,9.5
3/12,V,Portland,4
3/12,H,LAClippers,232.5
3/13,V,Detroit,208
3/13,H,Miami,2
3/13,V,Orlando,226.5
3/13,H,Washington,2
3/13,V,Memphis,1
3/13,H,Atlanta,223.5
3/13,V,Brooklyn,232.5
3/13,H,OklahomaCity,7
3/13,V,GoldenState,228
3/13,H,Houston,4
3/13,V,Utah,8.5
3/13,H,Phoenix,219.5
3/14,V,Cleveland,212
3/14,H,Orlando,8.5
3/14,V,OklahomaCity,217.5
3/14,H,Indiana,pk
3/14,V,Sacramento,228
3/14,H,Boston,8
3/14,V,LALakers,230
3/14,H,Toronto,7
3/14,V,Minnesota,220.5
3/14,H,Utah,9
3/14,V,Dallas,220.5
3/14,H,Denver,11.5
3/15,V,LALakers,215.5
3/15,H,Detroit,12.5
3/15,V,Sacramento,233.5
3/15,H,Philadelphia,11
3/15,V,Charlotte,233.5
3/15,H,Washington,3
3/15,V,Phoenix,226
3/15,H,Houston,12.5
3/15,V,Portland,9
3/15,H,NewOrleans,233
3/15,V,Milwaukee,5
3/15,H,Miami,220.5
3/15,V,NewYork,214
3/15,H,SanAntonio,13.5
3/15,V,Chicago,229.5
3/15,H,LAClippers,9
3/16,V,Atlanta,233
3/16,H,Boston,10.5
3/16,V,Memphis,225
3/16,H,Washington,1.5
3/16,V,Phoenix,235
3/16,H,NewOrleans,4.5
3/16,V,GoldenState,228.5
3/16,H,OklahomaCity,2
3/16,V,Portland,223
3/16,H,SanAntonio,2.5
3/16,V,Cleveland,217.5
3/16,H,Dallas,5
3/16,V,Indiana,214
3/16,H,Denver,7
3/16,V,Brooklyn,218.5
3/16,H,Utah,9
3/17,V,LALakers,5
3/17,H,NewYork,220.5
3/17,V,Charlotte,210
3/17,H,Miami,3
3/17,V,Philadelphia,230
3/17,H,Milwaukee,5.5
3/17,V,Toronto,215.5
3/17,H,Detroit,pk
3/17,V,Atlanta,225
3/17,H,Orlando,9
3/17,V,Chicago,231
3/17,H,Sacramento,6.5
3/17,V,Minnesota,224.5
3/17,H,Houston,9.5
3/17,V,Brooklyn,230
3/17,H,LAClippers,6
3/18,V,Detroit,6.5
3/18,H,Cleveland,212
3/18,V,Utah,5.5
3/18,H,Washington,227
3/18,V,Denver,221.5
3/18,H,Boston,4.5
3/18,V,NewYork,213.5
3/18,H,Toronto,12.5
3/18,V,Miami,209.5
3/18,H,OklahomaCity,5.5
3/18,V,GoldenState,3
3/18,H,SanAntonio,226.5
3/18,V,NewOrleans,232.5
3/18,H,Dallas,5
3/18,V,Chicago,227
3/18,H,Phoenix,2.5
3/18,V,Indiana,211
3/18,H,Portland,5
3/19,V,Philadelphia,223
3/19,H,Charlotte,1
3/19,V,Houston,8
3/19,H,Atlanta,233
3/19,V,GoldenState,6.5
3/19,H,Minnesota,230
3/19,V,LALakers,228.5
3/19,H,Milwaukee,11.5
3/19,V,Brooklyn,231
3/19,H,Sacramento,3.5
3/19,V,Indiana,219
3/19,H,LAClippers,5.5
3/20,V,Milwaukee,5.5
3/20,H,Cleveland,224.5
3/20,V,NewOrleans,224
3/20,H,Orlando,9.5
3/20,V,Boston,224
3/20,H,Philadelphia,3.5
3/20,V,Utah,12.5
3/20,H,NewYork,210.5
3/20,V,Washington,4
3/20,H,Chicago,229
3/20,V,Houston,6
3/20,H,Memphis,215.5
3/20,V,Miami,211
3/20,H,SanAntonio,5.5
3/20,V,Toronto,227
3/20,H,OklahomaCity,5
3/20,V,Dallas,217.5
3/20,H,Portland,10
3/21,V,Minnesota,223
3/21,H,Charlotte,6
3/21,V,Denver,8.5
3/21,H,Washington,229.5
3/21,V,Utah,7.5
3/21,H,Atlanta,226
3/21,V,Dallas,228.5
3/21,H,Sacramento,9
3/21,V,Detroit,7
3/21,H,Phoenix,217.5
3/21,V,Indiana,218.5
3/21,H,GoldenState,10.5
3/22,V,Memphis,205.5
3/22,H,Orlando,10.5
3/22,V,Denver,11.5
3/22,H,NewYork,215
3/22,V,LAClippers,6.5
3/22,H,Cleveland,226.5
3/22,V,OklahomaCity,225
3/22,H,Toronto,2
3/22,V,SanAntonio,221.5
3/22,H,Houston,6
3/22,V,Miami,218
3/22,H,Milwaukee,7.5
3/22,V,Brooklyn,2.5
3/22,H,LALakers,232.5
3/23,V,Boston,4
3/23,H,Charlotte,222
3/23,V,Miami,220.5
3/23,H,Washington,1
3/23,V,Philadelphia,7.5
3/23,H,Atlanta,236.5
3/23,V,Minnesota,217
3/23,H,Memphis,1
3/23,V,Utah,11
3/23,H,Chicago,213
3/23,V,Dallas,219.5
3/23,H,GoldenState,13.5
3/23,V,Detroit,215.5
3/23,H,Portland,5.5
3/23,V,Phoenix,230.5
3/23,H,Sacramento,10.5
3/24,V,LAClippers,8.5
3/24,H,NewYork,223.5
3/24,V,Cleveland,223
3/24,H,Milwaukee,13.5
3/24,V,Denver,1.5
3/24,H,Indiana,210.5
3/24,V,Charlotte,223
3/24,H,Toronto,11.5
3/24,V,Houston,10
3/24,H,NewOrleans,229.5
3/24,V,SanAntonio,2
3/24,H,Boston,222
3/24,V,Detroit,219
3/24,H,GoldenState,10
3/24,V,Sacramento,231.5
3/24,H,LALakers,pk
3/25,V,Philadelphia,219
3/25,H,Orlando,2
3/25,V,OklahomaCity,7.5
3/25,H,Memphis,216.5
3/25,V,Phoenix,216
3/25,H,Utah,14
3/25,V,Brooklyn,223.5
3/25,H,Portland,6
3/25,V,Boston,6
3/25,H,Cleveland,216.5
3/26,V,SanAntonio,4.5
3/26,H,Charlotte,220
3/26,V,Orlando,205
3/26,H,Miami,3.5
3/26,V,Chicago,219
3/26,H,Toronto,14.5
3/26,V,LAClippers,3
3/26,H,Minnesota,229.5
3/26,V,Atlanta,2.5
3/26,H,NewOrleans,242.5
3/26,V,Houston,224
3/26,H,Milwaukee,2.5
3/26,V,Sacramento,2
3/26,H,Dallas,226
3/26,V,Detroit,213
3/26,H,Denver,7.5
3/26,V,Washington,237.5
3/26,H,LALakers,2.5
3/27,V,Indiana,217.5
3/27,H,OklahomaCity,6.5
3/27,V,GoldenState,9.5
3/27,H,Memphis,220.5
3/27,V,Portland,9.5
3/27,H,Chicago,216
3/27,V,Washington,1
3/27,H,Phoenix,230.5
3/27,V,LALakers,219
3/27,H,Utah,16
3/28,V,Brooklyn,232
3/28,H,Philadelphia,7
3/28,V,Orlando,205.5
3/28,H,Detroit,3
3/28,V,Toronto,10
3/28,H,NewYork,219.5
3/28,V,Dallas,212.5
3/28,H,Miami,6.5
3/28,V,Sacramento,6.5
3/28,H,NewOrleans,234
3/28,V,LAClippers,231
3/28,H,Milwaukee,10.5
3/28,V,Denver,216.5
3/28,H,Houston,6
3/28,V,Cleveland,217
3/28,H,SanAntonio,12
3/29,V,Indiana,213
3/29,H,Boston,7
3/29,V,Portland,2.5
3/29,H,Atlanta,233
3/29,V,Denver,218
3/29,H,OklahomaCity,4.5
3/29,V,GoldenState,10
3/29,H,Minnesota,229
3/29,V,Washington,226
3/29,H,Utah,13
3/29,V,Charlotte,1.5
3/29,H,LALakers,229.5
3/30,V,Cleveland,228.5
3/30,H,LAClippers,9
3/30,V,Boston,222.5
3/30,H,Brooklyn,4.5
3/30,V,Sacramento,229
3/30,H,Houston,9.5
3/30,V,Portland,214
3/30,H,Detroit,4.5
3/30,V,Orlando,205.5
3/30,H,Indiana,1.5
3/30,V,Miami,7
3/30,H,NewYork,209
3/30,V,Philadelphia,4.5
3/30,H,Minnesota,230
3/30,V,Toronto,10.5
3/30,H,Chicago,214
3/30,V,Memphis,2.5
3/30,H,Phoenix,220.5
3/31,V,Milwaukee,2
3/31,H,Atlanta,230.5
3/31,V,Dallas,218
3/31,H,OklahomaCity,12.5
3/31,V,LALakers,231
3/31,H,NewOrleans,3
3/31,V,Sacramento,224.5
3/31,H,SanAntonio,10.5
3/31,V,Washington,227.5
3/31,H,Denver,10.5
3/31,V,Charlotte,230
3/31,H,GoldenState,11
3/31,V,Memphis,224
3/31,H,LAClippers,10
4/1,V,Detroit,203.5
4/1,H,Indiana,5.5
4/1,V,Miami,213
4/1,H,Boston,7
4/1,V,Milwaukee,229.5
4/1,H,Brooklyn,1.5
4/1,V,Orlando,216
4/1,H,Toronto,6.5
4/1,V,Chicago,213
4/1,H,NewYork,3.5
4/1,V,Portland,3.5
4/1,H,Minnesota,225.5
4/1,V,Philadelphia,5
4/1,H,Dallas,219
4/1,V,Charlotte,218
4/1,H,Utah,11
4/1,V,Cleveland,224
4/1,H,Phoenix,2
4/2,V,LALakers,226
4/2,H,OklahomaCity,12.5
4/2,V,Atlanta,230
4/2,H,SanAntonio,11
4/2,V,Houston,5.5
4/2,H,Sacramento,226
4/2,V,Denver,220
4/2,H,GoldenState,8.5
4/3,V,Indiana,205.5
4/3,H,Detroit,2.5
4/3,V,NewYork,212.5
4/3,H,Orlando,13
4/3,V,Chicago,225.5
4/3,H,Washington,9.5
4/3,V,Philadelphia,4.5
4/3,H,Atlanta,239.5
4/3,V,Boston,214
4/3,H,Miami,1
4/3,V,Toronto,2
4/3,H,Brooklyn,228.5
4/3,V,Charlotte,4.5
4/3,H,NewOrleans,229.5
4/3,V,Minnesota,227
4/3,H,Dallas,2.5
4/3,V,SanAntonio,214.5
4/3,H,Denver,5
4/3,V,Utah,10.5
4/3,H,Phoenix,219.5
4/3,V,Memphis,216.5
4/3,H,Portland,10.5
4/3,V,Houston,2.5
4/3,H,LAClippers,229
4/4,V,Milwaukee,4
4/4,H,Philadelphia,231.5
4/4,V,Cleveland,229.5
4/4,H,Sacramento,10
4/4,V,GoldenState,13.5
4/4,H,LALakers,226.5
4/5,V,SanAntonio,7
4/5,H,Washington,225.5
4/5,V,Toronto,6
4/5,H,Charlotte,224
4/5,V,Atlanta,225.5
4/5,H,Orlando,9
4/5,V,NewYork,216.5
4/5,H,Houston,18
4/5,V,Boston,213.5
4/5,H,Indiana,pk
4/5,V,Miami,4
4/5,H,Minnesota,218.5
4/5,V,Detroit,216
4/5,H,OklahomaCity,5.5
4/5,V,Memphis,211.5
4/5,H,Dallas,4
4/5,V,Sacramento,222
4/5,H,Utah,10
4/5,V,NewOrleans,2.5
4/5,H,Phoenix,228.5
4/5,V,Cleveland,225
4/5,H,GoldenState,15.5
4/5,V,LALakers,228
4/5,H,LAClippers,11.5
4/5,V,Portland,216
4/5,H,Denver,6
4/6,V,Brooklyn,235.5
4/6,H,Milwaukee,3.5
4/6,V,Philadelphia,10.5
4/6,H,Chicago,227.5
4/7,V,Miami,214.5
4/7,H,Toronto,5.5
4/7,V,SanAntonio,8.5
4/7,H,Cleveland,219.5
4/7,V,OklahomaCity,6.5
4/7,H,Minnesota,229
4/7,V,Charlotte,217.5
4/7,H,Detroit,6.5
4/7,V,Brooklyn,220
4/7,H,Indiana,2.5
4/7,V,Dallas,214
4/7,H,Memphis,pk
4/7,V,Atlanta,235
4/7,H,Milwaukee,11.5
4/7,V,Phoenix,223
4/7,H,Houston,18.5
4/7,V,Orlando,218
4/7,H,Boston,3.5
4/7,V,Washington,4
4/7,H,NewYork,226
4/7,V,LAClippers,237.5
4/7,H,GoldenState,11.5
4/7,V,Denver,219
4/7,H,Portland,8.5
4/7,V,NewOrleans,232.5
4/7,H,Sacramento,11.5
4/7,V,Utah,12
4/7,H,LALakers,216.5
4/9,V,Memphis,210
4/9,H,Detroit,11.5
4/9,V,Charlotte,8.5
4/9,H,Cleveland,220.5
4/9,V,Boston,222.5
4/9,H,Washington,5
4/9,V,Philadelphia,219
4/9,H,Miami,6.5
4/9,V,NewYork,215
4/9,H,Chicago,2
4/9,V,Toronto,7.5
4/9,H,Minnesota,227
4/9,V,GoldenState,9.5
4/9,H,NewOrleans,235
4/9,V,Phoenix,225
4/9,H,Dallas,8.5
4/9,V,Denver,212.5
4/9,H,Utah,2
4/9,V,Houston,3
4/9,H,OklahomaCity,229.5
4/9,V,Portland,9.5
4/9,H,LALakers,225.5
4/10,V,GoldenState,5
4/10,H,Memphis,214.5
4/10,V,OklahomaCity,4.5
4/10,H,Milwaukee,227.5
4/10,V,Dallas,219
4/10,H,SanAntonio,14.5
4/10,V,Chicago,218.5
4/10,H,Philadelphia,6
4/10,V,Orlando,217.5
4/10,H,Charlotte,4
4/10,V,Indiana,225.5
4/10,H,Atlanta,5
4/10,V,Miami,219
4/10,H,Brooklyn,4.5
4/10,V,Detroit,8.5
4/10,H,NewYork,205
4/10,V,Minnesota,218.5
4/10,H,Denver,12.5
4/10,V,Sacramento,226.5
4/10,H,Portland,3
4/10,V,Utah,225
4/10,H,LAClippers,8
4/13,V,Brooklyn,228.5
4/13,H,Philadelphia,8
4/13,V,Orlando,212.5
4/13,H,Toronto,9.5
4/13,V,LAClippers,234
4/13,H,GoldenState,13.5
4/13,V,SanAntonio,210.5
4/13,H,Denver,6
4/14,V,Indiana,210
4/14,H,Boston,8
4/14,V,OklahomaCity,224.5
4/14,H,Portland,3
4/14,V,Detroit,215.5
4/14,H,Milwaukee,15
4/14,V,Utah,212.5
4/14,H,Houston,6.5
4/15,V,Brooklyn,224
4/15,H,Philadelphia,8.5
4/15,V,LAClippers,234
4/15,H,GoldenState,13.5
4/16,V,Orlando,212.5
4/16,H,Toronto,11
4/16,V,SanAntonio,210.5
4/16,H,Denver,7
4/16,V,OklahomaCity,224.5
4/16,H,Portland,1
4/17,V,Indiana,207
4/17,H,Boston,8
4/17,V,Detroit,215.5
4/17,H,Milwaukee,15.5
4/17,V,Utah,216
4/17,H,Houston,6.5
4/18,V,Philadelphia,1
4/18,H,Brooklyn,229.5
4/18,V,Denver,207
4/18,H,SanAntonio,4.5
4/18,V,GoldenState,9
4/18,H,LAClippers,234
4/19,V,Toronto,5.5
4/19,H,Orlando,211
4/19,V,Boston,204
4/19,H,Indiana,2.5
4/19,V,Portland,221
4/19,H,OklahomaCity,7
4/20,V,Philadelphia,3
4/20,H,Brooklyn,231
4/20,V,Denver,209.5
4/20,H,SanAntonio,4
4/20,V,Milwaukee,9
4/20,H,Detroit,216.5
4/20,V,Houston,214.5
4/20,H,Utah,2.5
4/21,V,Boston,3.5
4/21,H,Indiana,204.5
4/21,V,Golden State,9.5
4/21,H,LA Clippers,236
4/21,V,Toronto,5.5
4/21,H,Orlando,206
4/21,V,Portland,222
4/21,H,Oklahoma City,5.5
4/22,V,Milwaukee,12
4/22,H,Detroit,220
4/22,V,Houston,2
4/22,H,Utah,214.5
4/23,V,San Antonio,210.5
4/23,H,Denver,5.5
4/23,V,Oklahoma City,222
4/23,H,Portland,4
4/23,V,Orlando,206
4/23,H,Toronto,11
4/23,V,Brooklyn,229.5
4/23,H,Philadelphia,9.5
4/24,V,LA Clippers,231.5
4/24,H,Golden State,15
4/24,V,Utah,213.5
4/24,H,Houston,8.5
4/25,V,Denver,209
4/25,H,San Antonio,3
4/26,V,Golden State,10.5
4/26,H,LA Clippers,232
4/27,V,San Antonio,207.5
4/27,H,Denver,6
4/27,V,Philadelphia,223.5
4/27,H,Toronto,6
4/28,V,Boston,223
4/28,H,Milwaukee,8
4/28,V,Houston,224
4/28,H,Golden State,6.5
4/29,V,Philadelphia,219.5
4/29,H,Toronto,7.5
4/29,V,Portland,215
4/29,H,Denver,4
4/30,V,Boston,219
4/30,H,Milwaukee,8
4/30,V,Houston,222
4/30,H,Golden State,5.5
5/1,V,Portland,219.5
5/1,H,Denver,4
5/2,V,Toronto,1.5
5/2,H,Philadelphia,216
5/3,V,Milwaukee,220
5/3,H,Boston,2
5/3,V,Denver,215
5/3,H,Portland,5
5/4,V,Golden State,219.5
5/4,H,Houston,3.5
5/5,V,Toronto,215
5/5,H,Philadelphia,2
5/5,V,Denver,211
5/5,H,Portland,3